{"columns":["month","age","annual_income","monthly_inhand_salary","num_bank_accounts","num_credit_card","num_of_loan","num_credit_inquiries","credit_history_age","amount_invested_monthly","monthly_balance","occupation_Architect","occupation_Developer","occupation_Doctor","occupation_Engineer","occupation_Entrepreneur","occupation_Journalist","occupation_Lawyer","occupation_Manager","occupation_Mechanic","occupation_Media_Manager","occupation_Musician","occupation_Scientist","occupation_Teacher","occupation_Writer","payment_behaviour_High_spent_Medium_value_payments","payment_behaviour_High_spent_Small_value_payments","payment_behaviour_Low_spent_Large_value_payments","payment_behaviour_Low_spent_Medium_value_payments","payment_behaviour_Low_spent_Small_value_payments"],"index":[75721,80184,19864,76699,92991,76434,84004,80917,60767,50074],"data":[[2,30.0,43391.96,3688.9966666667,1.0,5.0,0.0,0.0,284.0,47.4386731182,554.9302816036,0,0,0,0,0,0,0,1,0,0,0,0,0,0,0,0,0,0,0],[1,18.0,14351.21,1274.9341666667,8.0,7.0,6.0,9.0,98.0,21.2009624539,238.3144849567,0,0,0,0,0,0,0,0,0,0,0,1,0,0,0,0,0,0,1],[1,41.0,130125.04,10871.7533333333,5.0,2.0,2.0,3.0,191.0,103.4316526582,271.7569869253,0,1,0,0,0,0,0,0,0,0,0,0,0,0,0,0,0,0,1],[4,35.0,20107.21,1631.6008333333,6.0,6.0,2.0,11.0,232.0,10.9171886308,359.2339137888,0,0,0,0,0,0,0,1,0,0,0,0,0,0,0,0,0,0,1],[8,27.0,92186.19,7487.1825,1.0,2.0,4.0,4.0,249.0,84.2805156717,697.400556863,0,0,1,0,0,0,0,0,0,0,0,0,0,0,1,0,0,0,0],[3,42.0,44998.71,3916.8925,10.0,5.0,3.0,8.0,227.0,74.1835243049,411.9493600449,0,0,0,0,0,0,0,0,0,0,0,0,1,0,0,1,0,0,0],[5,34.0,56500.7,4448.0623232866,2.0,3.0,2.0,3.0,391.0,53.4057624096,66.5267625694,0,0,0,0,0,0,0,0,0,0,1,0,0,0,0,0,0,0,1],[6,20.0,135178.44,11542.87,0.0,6.0,0.0,3.0,307.0,191.4980615328,474.5545205698,0,0,0,0,0,0,0,0,0,1,0,0,0,0,0,0,0,0,1],[8,35.0,75455.34,6116.945,3.0,6.0,1.0,8.0,93.0,92.3086511496,533.7035485615,1,0,0,0,0,0,0,0,0,0,0,0,0,0,0,1,0,0,0],[3,22.0,9155.455,470.9545833333,6.0,7.0,5.0,11.0,57.0,0.0,295.8271836957,0,0,0,0,0,0,0,1,0,0,0,0,0,0,0,0,0,0,1]]}